,3M,6M,1Y,2Y,3Y,4Y,5Y,6Y,7Y,8Y,9Y,10Y,12Y,14Y,16Y,18Y,20Y,22Y,24Y,26Y,28Y,30Y
2005-01-31,2.0530208985169134,2.0958315633697153,2.1886221358808124,2.3886389029077506,2.5897523852017224,2.7796133081530403,2.9526002998885037,3.1069277417681516,3.2428950107806025,3.361844791210661,3.465558195627873,3.5559160475223215,3.7036077027095584,3.8172083568581328,3.9059861911660025,3.976610556863168,4.033801751977304,4.080897359479156,4.120275629873893,4.1536527711352145,4.18228616568129,4.207112050477956
2005-02-28,2.051295750985695,2.1141471850899123,2.2407716045821555,2.4887992211389123,2.719379733699263,2.9265705402765536,3.1089679705259656,3.2675693738478127,3.404513897633876,3.5223619314614405,3.6237006357186208,3.7109435345493904,3.851465271594143,3.9577884958226313,4.0398082658102075,4.104397676265685,4.1562956764892425,4.198782943097632,4.234155591250832,4.264045031721009,4.289630605783627,4.311780478626207
2005-03-31,2.049133251708181,2.112074849724676,2.2358426153531443,2.4715616277925716,2.6876842211231904,2.8823238435701053,3.05555195915336,3.2085368507963,3.3429980736885785,3.460869292590224,3.564097288839589,3.654528778532912,3.8035779178935893,3.9193565623517985,4.010464381526397,4.083231156398533,4.142254365339464,4.190862042304885,4.231470695081751,4.265847975839623,4.295300252090806,4.320804730554023
2005-04-29,2.0248352645211734,2.0384877828050643,2.0883938647433147,2.2454726759806487,2.4365386972139413,2.632045460507166,2.8172694910342058,2.985778397394054,3.1356348852809286,3.267218062322064,3.381994922968668,3.481845531100132,3.644400243200351,3.768581415384768,3.8649248976434993,3.9410276959956985,4.002251043580783,4.052369421945373,4.094059287072515,4.129241518503803,4.159314848944049,4.185313743924418
2005-05-31,2.0078293976406982,2.01405350725178,2.0465566690856143,2.166920221387585,2.3268849536813825,2.4999700745423965,2.67087495742198,2.8313377474310357,2.977442570558708,3.107883506819558,3.222857673092744,3.3233696972140523,3.4866652308530584,3.6095009818628507,3.7023159216131765,3.773273964155267,3.8283991875702417,3.872013399354684,3.907179292035845,3.9360614475622975,3.960195353382535,3.980679169910711
2005-06-30,2.0375830150937206,1.9899675581082263,1.948900340997727,2.0087405216264917,2.164064350379432,2.350642728737549,2.536770588593567,2.7082356746102394,2.8599537694577077,2.9913772696354948,3.1040238668967537,3.2001847121556577,3.3525623987945177,3.465274117319161,3.5505866280739298,3.6168283855070538,3.6695401415480697,3.712421527818511,3.7479812734762112,3.7779568367257697,3.8035798623728247,3.8257440916412855
2005-07-29,2.0654157232648016,2.0662998781796653,2.0898865192449163,2.196330141012986,2.3441703877423894,2.5052126081248725,2.6638547386771383,2.8121101716100805,2.94649240845178,3.0660855995606298,3.171366051234278,3.2634958428830183,3.4140878514005086,3.5291878634209515,3.61825659871693,3.688380221226773,3.7446359647126717,3.790605083817839,3.828812984130904,3.8610561406434827,3.8886304797745184,3.912486625224992
2005-08-31,2.059647353380694,2.064267789881952,2.08902086140388,2.182163966277984,2.3078214340005108,2.4457385976105925,2.5838828599820967,2.715498131662881,2.837156168084784,2.947477799679881,3.0463022853343147,3.1341548088601727,3.280590738223328,3.3948393848377885,3.48447572404822,3.5556264744734083,3.612937212284229,3.659827877485884,3.698787599130088,3.731626884240697,3.7596707859652594,3.7838993110573855
2005-09-30,2.0551121299579647,2.096257522732539,2.17670805387954,2.3295126534786603,2.4707162353758574,2.600025983231652,2.717672482784031,2.8242101643393767,2.9203785055217053,3.0070070758564897,3.084952001628518,3.155054763940739,3.274884478582955,3.372212757298969,3.45175893444852,3.517294547554884,3.5717785550410586,3.617509557959996,3.656265669212949,3.689422038830615,3.7180449617547184,3.7429651361609135
2005-10-31,2.112171664099081,2.2369350263533394,2.4062916587539513,2.590394882861841,2.7129612875792937,2.828318342617922,2.9434585983462713,3.0545906660014226,3.157662943072148,3.2504903500304576,3.332538559179692,3.4042957876968587,3.5210739615665765,3.609794957701861,3.678260465362147,3.732198395217819,3.7755915271519136,3.811180242014596,3.840867295771357,3.8659974870307248,3.8875412559373896,3.9062137722484582
2005-11-30,2.3321551405327874,2.453425236508728,2.610056709962101,2.7647747297680527,2.8634318022417347,2.9602136049842214,3.0597339470056517,3.1567536692552287,3.246676620502193,3.3272259725801416,3.3979210729664047,3.459306259290632,3.5582898911899763,3.6327886438252874,3.6899444317534886,3.734824814196457,3.770869241784848,3.800405941179897,3.825034762521661,3.845879368737733,3.8637477381004457,3.8792341632410383
2005-12-30,2.346831536641395,2.4757469349223755,2.6491869316452163,2.8054418492575484,2.8608785242434074,2.89511156419442,2.9334571042622253,2.980627050118182,3.0345879749188884,3.091919769931056,3.149641047681635,3.205642604325635,3.307919827237036,3.3946973842264923,3.4666093586809765,3.5258633861053155,3.5748615588118557,3.615710059477229,3.6501096358902183,3.6793861914948414,3.7045598628900063,3.726414285681912
2006-01-31,2.4134491825746114,2.540954599998535,2.7262258088522247,2.933042134238885,3.0431127490278893,3.1210885547367,3.1891891645076584,3.253425706179276,3.3143678240589027,3.371267337198018,3.4234404299921137,3.4705925077828605,3.550315376633081,3.613126773764155,3.6626685028318726,3.702182961872984,3.734184206496174,3.760519998856712,3.7825260958723503,3.801169749481294,3.8171589525174174,3.8310197023188697
2006-02-28,2.481134634138729,2.610131636883115,2.7979060662783217,3.004790323614269,3.108477193430154,3.176531354139569,3.2338695985927317,3.2881237858907117,3.340576686974532,3.3906301678549933,3.4374647530882063,3.480539384574989,3.554867369881787,3.614606756759084,3.662331889843016,3.7006972153325286,3.731911309696676,3.7576661780816623,3.7792173427990754,3.7974892263776936,3.8131656144395585,3.8267578164955114
2006-03-31,2.6259859866858415,2.7991918269108877,3.037054435023536,3.2744868828643794,3.3849926751149946,3.4592491018516833,3.5237858252221965,3.5842326721534388,3.64054597650054,3.691859885970026,3.7377155213179614,3.778158816444735,3.8444896105809367,3.8951545222845434,3.934329754120824,3.96521089997059,3.99005776866958,4.0104355669859775,4.027433570434021,4.0418220861197165,4.0541569872284215,4.064847870966107
2006-04-28,2.6102999506757616,2.820391395995767,3.1036062508931073,3.382991846095796,3.5178583191698767,3.6118652366060457,3.6921155341380363,3.763918079555648,3.827659856516372,3.8833392114250738,3.931399284913152,3.9726340979252517,4.038330786355696,4.08726712623925,4.124601790838201,4.153834991947972,4.177281072409259,4.196482253320133,4.212488669198812,4.226034190877104,4.2376451267197135,4.247708083894638
2006-05-31,2.699177979310056,2.8991923746892785,3.151397953886027,3.370629055097798,3.4704118605315486,3.550918837741343,3.6309284909961383,3.7096867182140496,3.7838758471835763,3.8513464677319846,3.911333775541743,3.963983616384752,4.049909043764809,4.115314509245647,4.165829509126653,4.2056408067366515,4.237674545361875,4.263948931648362,4.285867001027818,4.304420998514777,4.320327188516434,4.334113513313444
2006-06-30,2.7997058190271047,3.0242090322612576,3.3085193145163525,3.5527511483284613,3.6521941483417515,3.721868380971459,3.787403207169729,3.8513684657565257,3.9119440915019887,3.967511495392079,4.017354350873789,4.061454843182179,4.134130234727626,4.189988090003837,4.233392466501925,4.267721419978125,4.295397603353535,4.318120858496721,4.337086146140721,4.353144469920267,4.366912705825326,4.3788466284772865
2006-07-31,2.9276409486727353,3.1167106709614814,3.335887376483056,3.4982348656727758,3.5588126663370776,3.606871541139685,3.6580484310669696,3.712138757964442,3.766458386537821,3.818778330090344,3.8677368057941366,3.9126818178432314,3.990127573893476,4.052457006160945,4.102429422599821,4.142757260380872,4.175673991229623,4.202897073299407,4.225711894170465,4.245073599217019,4.261694349200564,4.276109969414505
2006-08-31,3.0583512190913225,3.2504020749624623,3.429394319373399,3.5014168878150245,3.5042712718268603,3.5152564825421875,3.5408491001494022,3.5766611663985115,3.6178324766490317,3.660762474816016,3.7031140967499354,3.7435062990588728,3.815936682108777,3.8764301334435576,3.926117643976737,3.966856218415925,4.000450394838887,4.028413952395703,4.051942865709471,4.071958456078132,4.0891647313763135,4.10410030448491
2006-09-29,3.1750452208497166,3.364301265495137,3.4981176683400173,3.5173675982416484,3.5047187704108484,3.50719316123823,3.5234600787247463,3.5481133714774145,3.576809583253107,3.606662633260048,3.635922468777789,3.663616955296377,3.712734875683004,3.753232913347996,3.786165237882831,3.812969150338361,3.834959780525363,3.8532022132949,3.8685178928158015,3.881528761581989,3.8927041553579063,3.9023999529824014
2006-10-31,3.2191935572784787,3.433864884919112,3.593477835762517,3.6346401962528163,3.628584743552565,3.628051029190052,3.6358009389422237,3.649403057701464,3.6663551974510034,3.6847991449369437,3.703496064855451,3.7216775880939,3.754954226686806,3.783290673284744,3.806873659681096,3.8263845558941902,3.842572576758666,3.8561022804439102,3.8675164280418257,3.8772424609716816,3.885612039478855,3.8928816509610833
2006-11-30,3.3563327915890926,3.492160022632758,3.592420579770049,3.5968945533485,3.5733213630419423,3.5636167384026383,3.5674476945146743,3.5804380691886544,3.5988222816442144,3.619911661744356,3.641920166650527,3.6637217230048154,3.704331212089004,3.7394396269249817,3.768939123497741,3.79349901353941,3.813961567136324,3.831111133763645,3.845605108090904,3.8579696219228143,3.8686173376437054,3.877869766876141
2006-12-29,3.443516268524384,3.607251392491868,3.758135066759373,3.822321507444794,3.825039520001391,3.8262826765445097,3.8332568981195214,3.845216454340803,3.860388854295969,3.8772353811602023,3.894636702075843,3.911844621792944,3.9440154736658,3.972054747371869,3.9958109406705806,4.015730094750875,4.03241899603762,4.0464641126624254,4.058369611531415,4.068546732420239,4.077322767263225,4.084955587305723
2007-01-31,3.5353420403117632,3.690910466206194,3.840389247880111,3.915583176732055,3.9305438534658865,3.9430878752738607,3.9599476578288897,3.980103513101061,4.0017482594107525,4.0234810881779834,4.0444065879551605,4.064024401163083,4.098587108388334,4.126988495187215,4.150070566854444,4.168863466311422,4.184289909930886,4.197093216481655,4.207846364375581,4.216983617601857,4.224833141041902,4.2316440945803935
2007-02-28,3.6260456441007167,3.7184344778683847,3.7910280844837327,3.79879515562598,3.788514133782381,3.7914684475961637,3.805600997136156,3.8261469792633007,3.8495142363378685,3.8734221145786805,3.8965493115845415,3.9182043078385846,3.956127268182107,3.986991940476949,4.011862803103458,4.03197997333372,4.048417241557127,4.0620174795968005,4.073417542208826,4.083092843839107,4.091398646524011,4.098602528705928
2007-03-30,3.6992360138989104,3.8170191449688713,3.9211805880679056,3.9478875203977566,3.9323652127095934,3.923957861691987,3.9271264982154332,3.939283173436355,3.957278453061179,3.978577179994052,4.001359512027921,4.024396425537575,4.06839422407695,4.107462927166903,4.140966677596804,4.169292021346403,4.193160165419801,4.213326857049816,4.230467634900491,4.245146647766668,4.257820004395909,4.268851060345861
2007-04-30,3.811412615466301,3.9096108163354732,4.013190735973052,4.0642746586566405,4.061433440469818,4.055663003260946,4.05649478668838,4.064190855899418,4.077097503940049,4.093450759131809,4.11180090313636,4.131063402188547,4.1695000894194365,4.205228349723979,4.236960816151418,4.264523820490991,4.288234108284192,4.308580520515783,4.326072689008385,4.3411765614818965,4.3542929144287585,4.365755786153794
2007-05-31,3.8557434283100767,4.023343929299918,4.2058610014938465,4.310800441492837,4.320311947029355,4.3168494538650135,4.3164547502565815,4.321090806988721,4.3298478812614105,4.341440379678833,4.3547570513389715,4.368948524699516,4.39769565801474,4.424788388304601,4.4490859594793335,4.470343739702201,4.488730080856014,4.504572997681543,4.518235515668615,4.530059547625336,4.540344708584526,4.549343988875196
2007-06-29,3.90008500802362,4.0731494820484535,4.264051043000854,4.384248369328264,4.40834769260438,4.417777686247357,4.4282736131015055,4.441860365047723,4.457792861467167,4.474986379578635,4.49254532695581,4.509835721430612,4.542143731479512,4.5703844886051845,4.594408774572714,4.614630580349919,4.631627758839722,4.645968280238166,4.658146842579561,4.668571234781376,4.6775687681143445,4.685399078681244
2007-07-31,3.9755271444503735,4.11059529373254,4.233344605657475,4.277286144938119,4.272272074157293,4.2702389583034375,4.276053669736422,4.287875656032302,4.303375304156497,4.320726094752606,4.338662258169,4.356365348414947,4.389313360164277,4.4178465964577605,4.441883883570202,4.461945826651098,4.478694904174806,4.492753980400852,4.504649293240903,4.514804777682313,4.523554699564208,4.531160574403546
2007-08-31,3.85569414372108,3.910899727380319,3.9779238568340154,4.0302445171515355,4.054817722404424,4.083106385289073,4.119311969455339,4.160675193852133,4.203754403613494,4.2460003785075875,4.2858770467275225,4.322620136030987,4.385976872279775,4.436849090637915,4.477503383562169,4.510218341599393,4.536864953502191,4.558871044759752,4.577296967060405,4.592925476700584,4.606337233260633,4.6179675028136105
2007-09-28,3.803566541897698,3.8699063552255457,3.9551372946009913,4.031737696353095,4.071253892095416,4.110030015018198,4.154332677265234,4.2021474606437605,4.250320558058373,4.29648543873861,4.339285067882538,4.3781393638124015,4.443964099047216,4.495860405967166,4.5368100569750105,4.569487990859737,4.595965099296488,4.617762552986163,4.635980763826431,4.651417530385657,4.664657520936837,4.676135536378474
2007-10-31,3.869858534468509,3.937729339190716,4.014894928792764,4.05807275552149,4.063811234503315,4.076074147114898,4.101199381203273,4.135578417614092,4.174457490693071,4.214222768243243,4.252619615693687,4.288441367448606,4.350718802839942,4.400886573600246,4.440959124002314,4.473161837401934,4.4993573512974665,4.5209701753793725,4.539055367436034,4.554388926570594,4.5675445956910385,4.578951350129007
2007-11-30,3.863038222106842,3.857812889493237,3.8429342295211453,3.8208513344591175,3.8261474750870668,3.857972067676076,3.908134174186972,3.9684218332824184,4.0325884047066936,4.0964679601659055,4.1575514029645575,4.214501049173749,4.31420466484715,4.395619891563042,4.461497750241595,4.514973795257516,4.558783281129278,4.595096833002336,4.625571236104372,4.651453643475803,4.673682018676897,4.692966158988441
2007-12-31,3.852008778825456,3.934317418158628,4.0008589681363445,4.0142926206861205,4.026107792302937,4.062686110694735,4.114825938783524,4.172704785783389,4.2301417647493045,4.283914841083913,4.332660461556249,4.376063756487179,4.447989295705285,4.503517040137881,4.546768674329497,4.581021206778376,4.608654622306375,4.63135065896484,4.650296493512,4.666339678772807,4.680095473559023,4.6920188281757715
2008-01-31,3.810766500634263,3.6997475455410025,3.547181392699148,3.423041482779869,3.4293097324909327,3.4956623665366826,3.5876611309877187,3.6878539573518423,3.7872851276069257,3.881472346698157,3.968378411063996,4.0473243642921135,4.181997096305433,4.289559191225648,4.375490696212027,4.4447284434480965,4.501205489896853,4.547902427949982,4.5870349682280525,4.620244428285266,4.648752907594576,4.673479415800569
2008-02-29,3.8344266584740097,3.662526842160277,3.4174508120371336,3.202318596602991,3.1988336372732595,3.2955179769045144,3.4324806962881937,3.578725907880869,3.719192851073661,3.8474143670773007,3.9614031150195865,4.0613806270055814,4.224453723294683,4.348586488619587,4.44449924847544,4.520120445933683,4.580986138335511,4.630917623805879,4.672574468449892,4.707839413058856,4.738072497775344,4.764276630342646
2008-03-31,3.8707275852565095,3.802397460630913,3.6992645929264247,3.5955453032314653,3.5832677471906638,3.6249229265079306,3.696377955884373,3.7823422593217098,3.8733361074005552,3.963668956515366,4.050095777279826,4.130927905671825,4.273527932537173,4.391407511429868,4.487935721311438,4.56708704670024,4.632440214341413,4.6869208271573415,4.7328219379710355,4.771909094129263,4.805534854185084,4.834737687050777
2008-04-30,3.8956222092896153,3.9007233190673722,3.891177476576975,3.856624053714866,3.851477135141235,3.884572394641532,3.9451673292483536,4.0203700121211865,4.100266376099364,4.1785380036538795,4.251721795597872,4.318280425484429,4.430688816816918,4.518648375149211,4.587544766431164,4.642218736365606,4.686355394297474,4.7226107627932885,4.752875004630318,4.778501533369994,4.80047363078833,4.819518414889284
2008-05-30,3.8811632775301703,4.02817091867878,4.196945636667621,4.281174106483883,4.264958068319438,4.253224304584406,4.2676151759535,4.304198329309643,4.354024800311349,4.409436467903731,4.465285223123659,4.518585364379764,4.612577297674661,4.688630315661023,4.749245125445413,4.797787656153718,4.837160092659537,4.86957941797816,4.8966734976382496,4.919628720084406,4.939315724234094,4.956381966429143
2008-06-30,4.207297608101042,4.3317391730782475,4.494117877696547,4.619391970344079,4.636058675932127,4.628978748463967,4.626690934485984,4.635349259311748,4.6533739583558535,4.677371976279083,4.704249903675473,4.7317624873146285,4.7836188901984436,4.827915089306337,4.86427941806028,4.893868186263318,4.918067757321946,4.938077882976459,4.9548358717885765,4.9690480982092735,4.981242595829873,4.991816034704038
2008-07-31,4.200653032170374,4.2564325845135995,4.310597591929004,4.313970614539645,4.292192617818585,4.290057554305227,4.311080903684465,4.347883773141136,4.3925343442107865,4.439260102186385,4.4845563466250145,4.526609291076326,4.598703998616924,4.655576851816316,4.7002121542936965,4.7356361084824865,4.764223247355291,4.787698538966478,4.807290728118958,4.823878779281571,4.838100521247112,4.850427186684927
2008-08-29,4.241875231504041,4.2302932325789175,4.198391357348702,4.133201985617549,4.094572496647172,4.088581611206029,4.108835778020837,4.146422398351486,4.193561770494521,4.244540370172453,4.295592549224364,4.344467081768705,4.431626523953269,4.50331743697538,4.561207493299446,4.607977782397691,4.646116949899014,4.677616867111672,4.703986015497691,4.726346152381497,4.745531022362156,4.762165462163101
2008-09-30,3.7051955146514657,3.6561319447322114,3.597011863803641,3.5866077675233203,3.656871668494405,3.7618717044874512,3.876793316636842,3.98894263252702,4.09244172083258,4.185133835698431,4.266802819072739,4.338167659086873,4.4544804716652715,4.543182768242559,4.611884268735468,4.666150847271539,4.709879990132731,4.74577760059258,4.775737069861808,4.801104159128443,4.822853637498746,4.841705515706749
2008-10-31,2.5163907383950783,3.0555713426277302,2.8637209238659764,2.675773159235401,2.9605936496740424,3.296970883104878,3.5757290235509904,3.789510712820941,3.951971825379851,4.077154227954484,4.175644095284163,4.254812565671609,4.373836284555043,4.458918668194318,4.522737655803458,4.572375429995042,4.612085734085422,4.644575992002494,4.6716512079105685,4.694561006091098,4.7141979759712695,4.7312166832019384
2008-11-28,1.99614981459555,2.014829193314506,2.102442522277817,2.3758833385913034,2.6726794014120627,2.9389470250051137,3.161134751329284,3.341171812181241,3.4857652867943774,3.6021292849265247,3.696521704595273,3.773931784703785,3.892179751339664,3.977526052244549,4.041742704057599,4.091736926124882,4.1317433201354845,4.164478340528192,4.191758096165732,4.214841095847001,4.234626553386761,4.251773956506053
2008-12-31,1.7511316547440612,1.7612214815635765,1.8493896809376715,2.137652319032287,2.442694200928496,2.7163885552581624,2.951955480652932,3.152510392783599,3.3226396243534935,3.466461137822362,3.5873763014995235,3.688186159441063,3.8385401641923576,3.9326592335225152,3.982191696223375,3.99639592952372,3.9827461336545515,3.947319151149693,3.89506921478159,3.8300363220983304,3.755510446935002,3.674163867083727
2009-01-30,1.1932473918374906,1.1366749968730778,1.2653324014536296,1.7872565045746085,2.2794337712307824,2.6835628275671506,3.0161108612973804,3.2934137972168225,3.5263373287576,3.722214125090596,3.8863762163076094,4.022974607517412,4.226528086872335,4.3544472887886005,4.423111804879384,4.445397913569675,4.43158511316624,4.389935371886372,4.327104923636699,4.248455661859473,4.158299063510126,4.060091185595193
2009-02-27,0.9260388633165032,0.8619791164252798,1.0081678025483347,1.5568905412475926,2.0513785898217143,2.4542654828031076,2.7889085946018053,3.0722901220905627,3.3146288352169786,3.5225302307528152,3.700713639325614,3.8528305414632613,4.090341953174556,4.25411899652557,4.358790076889907,4.4160242560786624,4.435293347351603,4.424348224723982,4.389553865218602,4.336142370307078,4.268412166314933,4.189888707765362
2009-03-31,0.777197676738808,0.7111781644302109,0.8806975960857094,1.461562374259633,1.963572226286982,2.3679487992775785,2.7034007483142517,2.987730825221678,3.2311773266365362,3.440297203121239,3.6197853672590714,3.773288938237143,4.0138459407563225,4.181096447926334,4.289733984746247,4.351462914146061,4.375760475438641,4.370358694417561,4.341585906312775,4.294625630759689,4.233720592803151,4.1623371983390465
2009-04-30,0.740339223936714,0.7421560251944725,0.9611343465890791,1.5265326440071139,2.002185838752521,2.3927676499176567,2.722235656938962,3.004184943838783,3.2466886054692257,3.4552657433486744,3.6341202286419216,3.786677372891889,4.024137796557271,4.186772083133879,4.289638349345251,4.344859574386058,4.36228648026561,4.349952659016236,4.3144154066123965,4.261023036605838,4.194129808525603,4.117271121965078
2009-05-29,0.7851779731767522,0.7659914193847221,0.932944457122793,1.5286234047234184,2.110949246426412,2.5981747785586258,2.9985427589437066,3.3290794377021458,3.603461330797886,3.831808221470276,4.021781848373125,4.17940664059023,4.416325793797474,4.572744235065856,4.6703280143369685,4.725010783560967,4.748629996686668,4.750011854878125,4.735737736514735,4.71070396656453,4.6785380559923615,4.641911288575939
2009-06-30,0.6151163892622405,0.6584427783751851,0.8962968640248052,1.5013039526172909,2.038738168787536,2.483428020661405,2.8532174591359163,3.1634142743175437,3.4248121192416967,3.6453499444756603,3.831221319752165,3.9874637427657458,4.227233741609034,4.391306209639194,4.4993283067507805,4.565986725523832,4.602315851295608,4.6166153439381885,4.6151212626388745,4.60250709415262,4.582261732507617,4.556976191997655
2009-07-31,0.4854018360305466,0.4414655385232976,0.7421851401341991,1.433445621490206,1.94683291771542,2.3497420130948194,2.683287889627211,2.9657488359454782,3.207054631465468,3.4136895497306914,3.5904341077090707,3.741084167087466,3.9762478084806654,4.139460975805271,4.246254246041663,4.3088459996672634,4.336961151689426,4.3383777743327165,4.319326045197857,4.2847938907552345,4.23876746407912,4.184423196420572
2009-08-31,0.4359631395502628,0.40081123233632104,0.7410322324825572,1.4593973277661634,1.97190719487379,2.3669951139887706,2.6892946617129456,2.958542464113457,3.1857488586621767,3.3782534328629867,3.5415063664726065,3.679817121693228,3.8951835228047655,4.046510476873224,4.150017913786495,4.217838482211406,4.259131063033362,4.280834516608824,4.288209341356765,4.2852391261015335,4.2749330328507,4.2595557852507
2009-09-30,0.4072765668722537,0.4336229371083952,0.7003792161316033,1.3271789362654804,1.8375052574311024,2.2488422197854483,2.5892849583070605,2.8748974960009104,3.115789100012428,3.3192034268295867,3.4907777075665516,3.6351065649453216,3.856818333631289,4.008754671392951,4.108962108122041,4.170953105918547,4.204892712284376,4.21843492164967,4.217336278526732,4.20591493054022,4.187397485032067,4.164182443797611
2009-10-30,0.4988518130501474,0.5158421794394358,0.8119280504236019,1.4290947232588862,1.9029193453201445,2.287933937634867,2.613527642055216,2.893147335753909,3.134574561278832,3.34320688163044,3.5232137030488713,3.678017975479511,3.9232711628182817,4.098057963854012,4.217266150493293,4.292721750509024,4.333889493567931,4.348365289366433,4.342247556744902,4.320427402716192,4.2868196913597725,4.244548932104092
2009-11-30,0.44353860443197296,0.5234077733833437,0.7968648685921366,1.3374993162706257,1.7835665248830652,2.1611932933292266,2.4868137721618333,2.769304082292773,3.0146239484502853,3.2273755301293208,3.4113717427488464,3.569884678878448,3.8215665573532056,4.00158552841697,4.125132901209077,4.204344913112936,4.248941034612876,4.266706220402093,4.263868898917522,4.245402368654964,4.215267157566136,4.176606744932092
2009-12-31,0.3822936527568249,0.5165242550960694,0.8115571595290838,1.3788289608893545,1.8672320606237152,2.2826190515961127,2.636762347216825,2.938991468141303,3.196708587191761,3.4160333208934195,3.6021545044052714,3.7595293848336273,4.002948202937409,4.171433177859559,4.284012851228764,4.355110760850722,4.395652913643901,4.4139009776754,4.416085466490472,4.406888984121848,4.389815685370109,4.367473893120246
2010-01-29,0.2805773786025171,0.4249333255586804,0.7144745648779183,1.2478357258284132,1.7145852603049687,2.122965078757215,2.4798380862917937,2.790751332823729,3.060493450528143,3.2933129697819368,3.4930192522404164,3.6630429925343932,3.9261258672435617,4.103904211255866,4.213794270509055,4.269997359175279,4.284075174405824,4.265420965604039,4.221647177464427,4.158904911722187,4.082147330376844,3.9953468227949904
2010-02-26,0.29603730800650263,0.3538509253836403,0.5426663659725409,1.0247537961082038,1.5002114620760898,1.9225008684656972,2.2888159720141874,2.6051639334340027,2.87811467007125,3.1132735030223317,3.3152646222111737,3.487951488602823,3.7581543528486363,3.945518682442835,4.066983135607273,4.136106098836357,4.163847232825486,4.159101190981714,4.129094494411933,4.0796947775495545,4.0156579642007495,3.9408286429397275
2010-03-31,0.33312145939799426,0.4085689388998393,0.6004856554103963,1.052205346378655,1.5035207045314962,1.914230459484099,2.2757432044110484,2.589772713921123,2.86084460344797,3.0938104070197023,3.293122706448188,3.4626965977108752,3.725852707193895,3.90583597811728,4.0202549094330715,4.083087106153016,4.105531325704223,4.096597503072199,4.063543186779839,4.012210605517309,3.947293673369793,3.872552593869916
2010-04-30,0.3219268511878153,0.410694091533614,0.6014670742399173,1.0114874126529525,1.4262101372397271,1.8206776391576007,2.1815322556769305,2.5027788812968184,2.782972949280244,3.0233709619841336,3.2267285023224765,3.3965316590279984,3.6503803807179667,3.8134155678050585,3.909885416385268,3.958882880058932,3.9748236562151495,3.9683147026489736,3.9470224876137836,3.916410437564154,3.8803216905340885,3.841422444670676
2010-05-31,0.2126547678550011,0.2137378697289697,0.2775916203562525,0.5660740246458493,0.9556487541205914,1.3643367559716562,1.7495488397457215,2.091900025410549,2.3852032030830013,2.630378302145961,2.8318216985431754,2.9953051025877926,3.2319406832661635,3.3821035579217713,3.476724531749522,3.536611546258168,3.57507631665614,3.6003910182333736,3.6176101243231287,3.629795075956012,3.6387954241406,3.645731764542433
2010-06-30,0.3429560695147924,0.3538797088586977,0.4237399457403313,0.6931339475492422,1.0499716700903978,1.4288028914749096,1.7927053744539043,2.122696346438571,2.410793258326427,2.655515912356112,2.859012371295783,3.0252571441338065,3.264875747270426,3.4109867503444526,3.49388591790869,3.5358645470253416,3.5523137359449137,3.5534345518886483,3.545787058176673,3.5334829129152405,3.519034402176267,3.5039319319230597
2010-07-30,0.451327096784559,0.4862330605283174,0.5871808449756797,0.8718460158303822,1.2091070775369848,1.554242028558344,1.88177408161615,2.1785683915888607,2.4392069095695765,2.6629235745489344,2.8516018767181555,3.0084905652229503,3.242220666716098,3.3940150574505923,3.4890194772194043,3.546108648249437,3.578596937448815,3.5955131258314528,3.602811729325026,3.6043359307421268,3.6025208476922566,3.598882483604777
2010-08-31,0.4294061213835961,0.4208238799153203,0.4477310436586537,0.6238669481373098,0.8881726541475139,1.182077006365728,1.4714740968779898,1.7379359891889083,1.972861643483756,2.1736197925909377,2.3410385467426087,2.477798602833772,2.673692076520065,2.790434111574512,2.8531962347958983,2.880949242336457,2.886990954878112,2.8802169652231804,2.8663722766373234,2.8490543053115984,2.8304449338581232,2.8118170660443926
2010-09-30,0.5693326912100718,0.5969254336645212,0.6759269693689234,0.8993213420614998,1.1674680824896309,1.446196436730948,1.7149014928507214,1.9620545127287692,2.1820790943159194,2.373196710973437,2.5359569804608317,2.672248877981948,2.8759928878976857,3.0067448316697067,3.0849795804014395,3.1270778933839267,3.1452250746971915,3.1480743001899465,3.141566415365268,3.1296687814239466,3.1149637840891264,3.0990875348213414
2010-10-29,0.7453172550579377,0.7694100938337822,0.8433026679675838,1.0622926331387073,1.3311338841030005,1.6133089998621886,1.8865975315037329,2.1383926908109188,2.3624313349708594,2.5565295196720554,2.7210303803092795,2.8577539890394936,3.0585870984989896,3.1821026273314867,3.2498616228097563,3.279321042853317,3.283587371975593,3.272036720837584,3.251141140187794,3.2252349933191717,3.197136865332352,3.1686201627903463
2010-11-30,0.6297024526894286,0.6447167581193806,0.719105487186934,0.9853636444557368,1.3269757920463126,1.6826994487127882,2.0188963320180155,2.3190300920540063,2.576861588958017,2.792093606184832,2.9676277816122525,3.1078742653447176,3.3020626183478963,3.41135460233732,3.4650011352557546,3.4839262379197304,3.4822056021397128,3.4689199551631367,3.449733804562897,3.4280686685493986,3.405916340480233,3.384379343998272
2010-12-31,0.4901852157846624,0.5095299206866539,0.6025860068378757,0.9286900958709948,1.3388300797588315,1.7582866260126115,2.1480713230198134,2.4905191931257002,2.780265371334206,3.0186732831897807,3.2104593961906494,3.3617030593052064,3.5674611855167857,3.680624739077172,3.7349097875699484,3.7534599981595145,3.751317982405189,3.737899920562193,3.7189203023912425,3.697741650451443,3.676270014612912,3.655529115357072
2011-01-31,0.6524779230856373,0.7799954739951793,1.0262265399277148,1.4815746164577306,1.8859514585698731,2.239966480717728,2.5460506265680545,2.8077118702917208,3.029013550998444,3.214216532736009,3.3675408293295033,3.4930134843137086,3.675046738776955,3.786205566674703,3.8469376560720976,3.8727768716990316,3.875186116860503,3.862425930284748,3.8403248338876086,3.812911901453304,3.782912206821351,3.752122525461916
2011-02-28,0.6932210566122349,0.8251258909008167,1.0757776498985363,1.5279470555864516,1.9207705243597453,2.2609504094913255,2.5544679021004533,2.8066589427933653,3.0222822372463667,3.205580191105123,3.360333495780496,3.4899100215096217,3.685198270741743,3.8116848187868726,3.885370804167901,3.9188770473416312,3.922131569055802,3.9029198936130056,3.8673252276631067,3.820080292949208,3.764848316105956,3.7044472384378717
2011-03-31,0.8689943607978541,1.0189917631551049,1.2996749328394284,1.7909984054775985,2.2011890865964303,2.542976721451859,2.8271376737175147,3.0627908450389745,3.25764915256102,3.4182331961547865,3.5500527624419,3.657760973674792,3.8159380416245146,3.9173586255191832,3.9794736507340063,4.014624485210868,4.031504662787418,4.036209132357783,4.032986356037755,4.024776554514896,4.0135962192038965,4.000812245427259
2011-04-29,1.0210690988715032,1.157741209293662,1.41308931217252,1.858867387985832,2.2300198545923515,2.5388173502824434,2.7955319459500427,3.0087605774976303,3.1856963913518137,3.3323563582320546,3.4537721745473053,3.5541503479681986,3.7052774850310426,3.8074713132965794,3.8758807611486117,3.921047659309643,3.9502939733128146,3.968694127923012,3.9797558926688823,3.985896704196498,3.988776516489295,3.989530110736607
2011-05-31,1.0269675806111889,1.1264067458682152,1.3178161060730105,1.6715277336245942,1.9881168317334088,2.2698478751674123,2.5191486268294625,2.7385141312900356,2.9304350718467944,3.0973454543389685,3.2415855288535664,3.3653766392164908,3.5598145554796368,3.695612144210472,3.7854041248569095,3.8396412339373223,3.8668212707707488,3.873755447848596,3.8658345123717375,3.8472755775653034,3.821340805154265,3.7905251915655818
2011-06-30,1.2364380962940535,1.2804342171199803,1.3883281609334153,1.6536397986912832,1.9445165731635248,2.2309541361842973,2.49702656985646,2.7354810472656634,2.9442312806213287,3.124115134423336,3.2774873157668227,3.4073584351871338,3.6090980943910527,3.7522195443406696,3.854668281297154,3.9293397062907776,3.9850909104289407,4.027862449766023,4.061597280454891,4.088910155537146,4.111546678788095,4.130687412392693
2011-07-29,1.011635826870552,1.038241336958121,1.112429199716139,1.3197972515383596,1.5698431262892918,1.8328757015032164,2.0903282036714983,2.3312548398168147,2.5498464511378094,2.743681392011382,2.9125048402501204,3.0573861969368465,3.2829704712206293,3.4379984279463467,3.5399227678366296,3.6035010852925504,3.64025104550912,3.6587374637290857,3.665122782132995,3.663732241896559,3.6575399047881487,3.64855272118166
2011-08-31,0.6117798885423162,0.6190159792124338,0.667379052940786,0.8594407727240168,1.1219253919155912,1.4095192057148676,1.69495822152285,1.9628136717358355,2.205279312017262,2.4193382778204597,2.6048767103096764,2.7634438559681804,3.0096650716914986,3.179842729808548,3.2944032212382366,3.3697623447867984,3.41817452266792,3.448404959829189,3.4665535728615,3.476785731134345,3.481906132137905,3.4837822106394736
2011-09-30,0.2747957258396324,0.3375107518156551,0.4690218981729621,0.7458998687388385,1.0260659394568536,1.2969954869734115,1.5509821933081231,1.7837118528493083,1.9932173731639469,2.1791181203100183,2.3420706822389143,2.483376235288464,2.707895786957982,2.867386324222465,2.9761493724868884,3.046580525866953,3.0887722083805382,3.1106233455033103,3.1181478430753704,3.115829564411409,3.1069546147927736,3.0938946684121773
2011-10-31,0.3759844772130736,0.42422613387332103,0.5374350467805371,0.8090178255587928,1.1096145750390396,1.4136915242491468,1.7054846185475436,1.9758834542660009,2.2202410197110685,2.4368431098951677,2.62584650534394,2.788549161763497,3.0431408072866937,3.2187199164347238,3.3332065090397176,3.4020444176701226,3.4376626993876718,3.4496708773510885,3.4453056825896846,3.429914149699914,3.407387056051117,3.3805167260359434
2011-11-30,0.20364577514387586,0.2508314562842401,0.3834361424129569,0.7427330006655184,1.1504098774443956,1.551427399328148,1.9180978390165515,2.2388350688588954,2.511178010538812,2.737528817410776,2.922602755352853,3.0719470274410456,3.2852627313849894,3.416004675858878,3.492932322363401,3.5358453544732797,3.5577763227382304,3.567063770948186,3.5689368130289862,3.56662171312931,3.5620785342975942,3.5564777599319104
2011-12-30,-0.0025276654877274267,0.01007434448558686,0.09377843798814768,0.4062171579213949,0.7989173307067692,1.1942625447879949,1.555175396094472,1.8671362390949195,2.127631410464767,2.3400717340561408,2.5103765776015607,2.645128365970277,2.832521815643061,2.9437517243053106,3.007766648373296,3.0432973418663627,3.06198485094534,3.0708909349517852,3.074230371138737,3.0744872584663714,3.073108607229732,3.0709262427041537
2012-01-31,0.1116476416250744,0.13196909266573809,0.20614851688972655,0.4498906654590447,0.7646944927766115,1.1040852745388408,1.43885431349103,1.7516606190031498,2.0331880807477907,2.279429983234679,2.4897872935231637,2.665751627507825,2.9258219723001235,3.0859505619010936,3.1724038458039256,3.2073070502633283,3.2077695048627315,3.1863321626281538,3.1518357746774686,3.110313034014004,3.065754258064512,3.0207098977182323
2012-02-29,0.10564584040372972,0.10282785088821857,0.14700191522319184,0.3727058498823244,0.6957431154875389,1.049264913438,1.394640718315003,1.7113062610440366,1.989982486027685,2.228198644223667,2.427379739264631,2.590987566225758,2.8290402090906586,2.977179974729019,3.0646982424538964,3.11318440500686,3.1374505625955478,3.1471986110221435,3.1485705626748186,3.1453471808587845,3.1397957771882874,3.1332388807778053
2012-03-30,0.07006332641240709,0.08961486049314549,0.16018691497671345,0.39259089278759773,0.6956675266063552,1.0261151134975537,1.355798498269583,1.667298715686977,1.9506600988624152,2.2010285295481165,2.4169503634174334,2.599159047720721,2.8714366852401403,3.040956437996796,3.132669361911306,3.1686179216287234,3.166479672996793,3.1396150175819275,3.097700091682607,3.0475015885778034,2.9935990662198617,2.9389852738743194
2012-04-30,0.0310608645910031,0.04317442596153676,0.10186547270794044,0.3185770747288688,0.6116690966251213,0.9343654456148068,1.2569452957204958,1.5614871251334188,1.8381028404467044,2.082259856340157,2.2928940946857868,2.4710951007504747,2.740196935345369,2.9137081021413644,3.0163342526565327,3.0690649178123453,3.08817463843836,3.0855900132123746,3.069705050670624,3.04623644253779,3.018961400537067,2.9902977668685846
2012-05-31,0.06782292231013454,0.0493195517807119,0.05121493761447216,0.16881578850868628,0.3776333743568774,0.6274148224191993,0.8863372547773478,1.1351757922978498,1.363181532243808,1.5651907595069234,1.7396166346688258,1.8870700487498568,2.109205191189897,2.2520773930678835,2.3368919919164632,2.381479451916912,2.399427963274794,2.4004944765563367,2.3913958678827734,2.3766014397968296,2.358993354641865,2.3403700117691986
2012-06-29,0.04244461542615574,0.040117815117463713,0.07705827781432273,0.2686377686610069,0.548226160368265,0.8604513933457998,1.1718511408662051,1.4634495235070777,1.7256598312735203,1.954817772819453,2.1508513785697136,2.3157381116667404,2.5645847160782718,2.7283730013352434,2.8318963705458713,2.8946113037663546,2.9306139782764955,2.9496255909607965,2.958123579892431,2.9603113753654737,2.958856487639208,2.955416795064609
2012-07-31,0.0010981748018307202,-0.04525501605771454,-0.08788073103631122,-0.022894358090622013,0.1689091337128108,0.4252778209493311,0.7056187695074989,0.9844038877773108,1.246446973054943,1.4835432400788682,1.6920970497919052,1.8714631615426764,2.1482918501784867,2.332643172086036,2.4467858665185327,2.51069567913128,2.5402680957356623,2.547322741427417,2.5402572346317163,2.5248333221690333,2.504886496895739,2.4828952134420432
2012-08-31,0.03347385997998642,-0.012135304855182216,-0.053211322643031515,0.014851590485080557,0.20936123536004916,0.4678486045021133,0.7496468027635155,1.0292389833489521,1.2914972309503865,1.5282975072408176,1.7361320337262027,1.9144413984542303,2.188449679650115,2.3694486431273445,2.4800636033120598,2.5404964267329846,2.566772734788727,2.5707771117138853,2.560930626747235,2.5429936962547166,2.5207868597522034,2.496767089802034
2012-09-28,0.02196689222584025,-0.001639410288780674,-0.013759337049291442,0.07130079624260999,0.2545034234692487,0.4930958944914643,0.7569999620603669,1.0255619538281977,1.2850762512771885,1.5269060426910557,1.7460642608089223,1.9401481093651816,2.2518418365883757,2.4690376656206965,2.606857270245761,2.682131872095602,2.7104229724372475,2.704865830464352,2.6759445602439325,2.6317019205171244,2.5781161602290297,2.5195082811515235
2012-10-31,0.013542185946935348,-0.005983412642043051,-0.010770254502674437,0.08564122177283108,0.2760380540812131,0.5182340846271245,0.7828527522635031,1.0499658340508535,1.3065502347765037,1.5445724797447804,1.7595535814295378,1.9495004378536132,2.2542203519082467,2.46736572489621,2.6046564024257703,2.6828813411215844,2.717195599054872,2.7201608459081843,2.701648452833422,2.6691245393874903,2.628065135256902,2.582377711198737
2012-11-30,0.03614111880609938,0.005534515704452403,-0.0207266782777209,0.03647971409714845,0.19378641871483104,0.4095036886014425,0.6541121086437656,0.9071669729153876,1.1549353369395403,1.3885996867640014,1.6028987537689137,1.7951046854980277,2.1106012650014527,2.339438506243837,2.494345209118335,2.5901948535597126,2.6410303721191344,2.6588577647514047,2.6533534318114977,2.6320060405327017,2.6004330819401638,2.562738056315357
2012-12-31,0.059981842921587473,0.013569258583954856,-0.038157968100358534,-0.013023768437378623,0.12893397844702914,0.33886702748738706,0.5825687518644056,0.8366307027750244,1.0855399131562908,1.3194961940949792,1.5327790666844423,1.722533077541371,2.0292143534492513,2.245440386312394,2.3858073904048966,2.4667322484212217,2.5033193034546093,2.5081951989319684,2.4913207273591067,2.4602405877994147,2.4204889477967138,2.3760119541388
2013-01-31,0.07153820864728416,0.09236880168597517,0.15010265535563996,0.3152915375658032,0.5240030579707717,0.7552356975164711,0.9937502259884372,1.2287505873699835,1.4528411004406507,1.6612050096200432,1.8509599990969736,2.0206548708290017,2.298958248033209,2.500353505318267,2.6347302631230844,2.713811809723313,2.749112556203478,2.7509526996593143,2.728082196301698,2.6876389415411537,2.6352756683859235,2.575358833324272
2013-02-28,0.025389176889857312,0.011854621771621887,0.012597339449326395,0.10233724578423553,0.2738189877396948,0.4938662207815412,0.7383054515242575,0.9898625108106324,1.2365144349478028,1.4702024812617325,1.6858309698181575,1.8804918659803158,2.202771421014986,2.438081196206336,2.596337757246877,2.69066250925981,2.7343734729440707,2.7395346640028224,2.7163873264484324,2.6732565820326397,2.616694154422269,2.551720319698908
2013-03-28,0.03508649559791599,0.014840019383985159,0.0022569444798397065,0.0665872863952619,0.21542236761746916,0.4163177216564877,0.6453502512654516,0.8851814536226206,1.1235293486357687,1.351966556029903,1.564978183191509,1.7592262757773909,2.085664369586685,2.3294215380461543,2.4981811467343658,2.603490851013161,2.657651450958808,2.6721379681866457,2.656910216256315,2.6202192376004323,2.5686728845398963,2.5074216650221923
2013-04-30,0.02684274456432678,0.007874125987356151,-0.00626839347377306,0.042825621700312684,0.16674423797023907,0.33861930409161106,0.5382031018565634,0.7504569350636352,0.96441901281326,1.172298734291207,1.3687542223916802,1.5503179334572732,1.8616379417076925,2.1009726459794966,2.2723820272909734,2.3843068061964336,2.4466796618398545,2.4693311612921844,2.461186378164512,2.429930748315276,2.381942915012837,2.322369550650893
2013-05-31,0.022574958578009733,0.01616970779320026,0.027672474245968196,0.12783350095368284,0.2994031097528742,0.5132565531631661,0.7481100860631846,0.9887080553359296,1.2243978388704049,1.4480133822020749,1.6550038033758234,1.8427562019166928,2.156764359042981,2.390820098541891,2.553718444931655,2.6572164488758387,2.7133276509123365,2.7329988405241488,2.7255764065404344,2.6987030544382127,2.6584315896141013,2.6094326483490207
2013-06-28,0.02593335432224964,0.049043347542043314,0.11380901870422533,0.2995856986837757,0.5327918492518604,0.7886005164740713,1.0495461627830736,1.3037009835123143,1.5432649153385771,1.7634802016635938,1.9617999587619448,2.1372549798737515,2.4208282423273744,2.622577531996167,2.755740860875112,2.8343576732218185,2.8713156984295534,2.877571817253407,2.861995744215532,2.8315177272044934,2.791401568213702,2.74554737749084
2013-07-31,0.005469510305816439,0.010193962146820336,0.0436836749723204,0.1845091969484911,0.3896314577372806,0.628410870638521,0.8793755804149692,1.1278874493524276,1.3643557346855848,1.5828760057547049,1.7801983792713951,1.9549500564761644,2.2372953307233443,2.437842770233436,2.570126680482612,2.6485955953822757,2.6864261885524643,2.6946948760547933,2.682246496691139,2.6558884007598733,2.6207081251649793,2.5804108708256592
2013-08-30,0.01779863564109574,0.03330098760825728,0.0888076828190334,0.27278229607078464,0.5164536431797142,0.7870633380048826,1.0625301357573047,1.3285135561858556,1.5762196764484455,1.8007706423889198,2.0000009816558157,2.1735758852227374,2.4479153057412484,2.637571610130955,2.7598323721629248,2.8311822209051116,2.8656143500195688,2.8742465525041974,2.8655295710830075,2.8456761802377977,2.819128133187676,2.788979817169259
2013-09-30,0.021779382776314197,0.02898020957190428,0.06765441867992106,0.21932576416505703,0.43529615614890105,0.6844295229218735,0.9449746457685809,1.2021612329755165,1.4463633468904078,1.6717026225621527,1.8749915069760723,2.05493861415187,2.3457174643999377,2.5526571983685216,2.689876036853086,2.7722712701793304,2.8133427644175955,2.824388583773564,2.8143994477345298,2.7902751951513904,2.757159960715521,2.7187924611784697
2013-10-31,0.0526636663508312,0.04091444757534446,0.046533010183262384,0.14871252111209501,0.332852796082844,0.5634108581256321,0.8151655595574665,1.0706326506557753,1.3180797414963994,1.5500081231760436,1.7619970571613672,1.9518287413182602,2.263380568587607,2.4898291058959385,2.6437065516253044,2.7393999928653843,2.790482262251107,2.8086085327910872,2.8032355754760294,2.7817407454279603,2.749707332607391,2.7112533470524616
2013-11-29,0.07767394325171062,0.057634343538354386,0.0511601783235478,0.14250775665750526,0.3269563635966506,0.5634383750480012,0.8232558331103661,1.0868519719389989,1.3413651073526145,1.5787835528573575,1.794561050817535,1.9865840246800035,2.298689606250833,2.5224753526134283,2.672498339855542,2.7645971476831512,2.813207384624796,2.8303781355603097,2.825636677057009,2.8062343030193544,2.777527072500481,2.743369451285981
2013-12-31,0.0799006832028053,0.0722080334880979,0.09415785959261712,0.2482694912188021,0.4919485918553672,0.7767130958372181,1.0711415030525009,1.3557126946011555,1.6190905202943426,1.85546696545744,2.0626778307267664,2.24087957425051,2.517269809595353,2.704062452012738,2.8228730479940864,2.8927543703524883,2.9288274335330247,2.9423788101296324,2.9414880737806204,2.931756526315633,2.9169622060695373,2.8995872178341857
2014-01-31,0.0905070535971132,0.06010044074256626,0.037111169662177534,0.10759174253526682,0.2808085953460324,0.5105383315948391,0.7651081539253983,1.0234025026068547,1.271889606320186,1.5024185696531154,1.7105968666690192,1.8946035594776944,2.190753457388472,2.4005961727233482,2.5402075593510784,2.6260635200604776,2.672571405232328,2.691341088880409,2.691259989597519,2.67888574908035,2.658916822215496,2.6346329957091887
2014-02-28,0.13628160832987224,0.10804500658441564,0.08718180831148592,0.1554750532464797,0.32139221386669004,0.541557630639736,0.7860643504106228,1.0348296598661966,1.2748680595540043,1.4982606272238517,1.7006514605316356,1.880141761770952,2.1704926825707176,2.377748627956465,2.5167908068722205,2.6031861159240064,2.6507257444423957,2.6706404357294664,2.6716086005123683,2.6600909820752965,2.6407574407870023,2.616897118221304
2014-03-31,0.15927112449789804,0.13269166088526352,0.11193331032525533,0.17179261109655286,0.32357100158882,0.5283846517165234,0.7588309830342688,0.9960381838707058,1.227419704109992,1.444972539257857,1.6439939172702849,1.82211901094795,2.1137973770289644,2.324939173145585,2.4679064599801057,2.556775744857912,2.604659722776536,2.6226601337598643,2.61965127153169,2.60244979489616,2.5761327468726547,2.544382953300892
2014-04-30,0.12518783010128046,0.10581249435289264,0.09431029143079163,0.15759934131456488,0.3006865194697683,0.49127580773125606,0.7060645669491921,0.9285732841862506,1.1474613786542711,1.3552249837740344,1.547194266109727,1.7207650749501475,2.0092522060813955,2.2222240730615166,2.369042834839956,2.4616412152235534,2.511838625622248,2.5301190157507696,2.5252089792477914,2.504068610894755,2.4720737848175354,2.433267936531963
2014-05-30,0.08844003279489276,0.059842756802749524,0.03094012236387345,0.06383507639725218,0.18250437676833545,0.35440224213492755,0.5557135580564818,0.7693114324473829,0.9831593682087298,1.1890653759137626,1.3817141271437707,1.5579182957339173,1.8555611419643432,2.080307509068013,2.239345767968998,2.343276631573725,2.4032062863613444,2.4293295294465507,2.4303546176359316,2.413381629518323,2.384006749538167,2.346522900388261
2014-06-30,0.04871533105819659,0.020676744188894647,-0.009090704789115113,0.016415252528116042,0.12348255735296833,0.2823696808712377,0.4710473399219115,0.6734521500352706,0.8781084126111383,1.0770437181433143,1.2649386313485405,1.4384625015574244,1.736036210322948,1.9659977195567715,2.133526623233065,2.2475913320820733,2.3181064723248377,2.3544733263335047,2.3649245195305197,2.3563185489663194,2.3341710250082985,2.3027975411371315
2014-07-31,0.03537525856685253,0.009521795891252459,-0.017954899129544174,0.005638689888517234,0.10492805873633593,0.2526780047489767,0.42861864945049977,0.6178904465867436,0.8098122732460755,0.9969083346191744,1.1741420377940048,1.3383150598159546,1.6211655263078368,1.8412476094553691,2.0028562323812444,2.114005078258904,2.1837515801201093,2.2207970453245904,2.2328369879612793,2.226337196526953,2.2065383431127032,2.1775719786737064
2014-08-29,-0.0032032275918973396,-0.027132760812907053,-0.05535894785573525,-0.04739671076755325,0.023925242261823243,0.1371903717375691,0.27618555131522804,0.4287953266946003,0.5861149060581257,0.7417404695071665,0.8912030008111359,1.031518088310999,1.2781265781207989,1.4755955185256866,1.625515439262735,1.7331336689364774,1.8050745780794488,1.8480723055205548,1.8683218583442125,1.8711975099112257,1.86118072536382,1.8419002208099784
2014-09-30,-0.02797481687044057,-0.057695552253093425,-0.09494300392377686,-0.09650228007614324,-0.026098065030844,0.0922194367891036,0.2402288153840733,0.404298699156012,0.5743944116287043,0.7432834593104979,0.9059018644610849,1.0588503966798832,1.32815458223358,1.5441094028185658,1.7081470412289974,1.8258480648421087,1.90438644659404,1.951105979251952,1.972787852903921,1.975329092700922,1.9636557722269077,1.9417622990889432
2014-10-31,-0.023064580268792656,-0.048971353996961516,-0.08147725709067233,-0.08266906874496982,-0.020291812043424784,0.08502677681210358,0.21751161352425447,0.3652395993499926,0.5193312294002368,0.6732990941603338,0.822524219529642,0.9638364085329972,1.2153423885977306,1.4203032096295454,1.5789972446669909,1.6956741693699628,1.7762673316034023,1.827079563221651,1.854076187491412,1.86254791278668,1.856991675096044,1.8411136187059516
2014-11-28,-0.016115224016663654,-0.036785043273026334,-0.06331650785279573,-0.06670067970051052,-0.019392506452991842,0.06343085723382913,0.16989196910184656,0.2907842905593725,0.41905499492850573,0.5493804266348175,0.6778183755638851,0.8015239549035273,1.027499301526726,1.218721320643989,1.3732386574061453,1.4928279301075076,1.5811544821584205,1.6426408371498784,1.6817987022326542,1.702859613911019,1.709593818156903,1.7052442538104111
2014-12-31,-0.023440341904955756,-0.051062958789615635,-0.09048906681375236,-0.11625996671726213,-0.08779747353630453,-0.021191253027178725,0.07102068428846131,0.17916054053570907,0.2958449681247197,0.4155230969972603,0.5341001660148024,0.6486316636468334,0.8580915558661308,1.0350559684679979,1.177473981630218,1.2870571476344903,1.3673849576625257,1.4227567679293145,1.45752627277799,1.4757424159276162,1.4809803268536177,1.4762862213631431
2015-01-30,-0.14553434733448492,-0.1927383090551501,-0.18365672540792072,-0.1420980107298464,-0.12085520480607405,-0.08172093736048147,-0.019232972373137702,0.05893942991614454,0.1444081322702595,0.23099797733470195,0.3148007865549005,0.3936199168815342,0.5328807762872453,0.6475705311252177,0.7408916961442779,0.8169229873658264,0.8793585695372425,0.9311889639176169,0.9747253655289998,1.0117220847284512,1.043506033093496,1.0710852413846683
2015-02-27,-0.20767910798331232,-0.2683656806542889,-0.2466451550508103,-0.2010120048677314,-0.18692355793065607,-0.14809757706791649,-0.08053580836078522,0.005145230248495114,0.0987446699099217,0.19315838742205527,0.28406458293070513,0.3691326637656525,0.5184297786115939,0.6404709221833139,0.7392212742154938,0.8193573078494351,0.8849862579486261,0.9393715693983208,0.985003249342272,1.0237541610582328,1.0570316924677758,1.0859001274772453
2015-03-31,-0.21478162498048275,-0.2647348074552912,-0.2487429385301524,-0.2243697700188303,-0.20235971592321966,-0.15222798755787215,-0.08291664264557608,-0.006308466511461107,0.06977882208316888,0.14116659848397686,0.20603637397773036,0.2639295264340712,0.3601423238221326,0.4346397582228802,0.4927794559828898,0.538876502625997,0.5760905551876478,0.6066665992786162,0.6321952520156205,0.6538147950140426,0.6723527588916878,0.6884216001923605
2015-04-30,-0.2818040227884963,-0.2758414524786412,-0.2587917817145178,-0.20660478888694025,-0.13625846196171332,-0.05503772412770136,0.03090560519294105,0.11698514308259302,0.2000948004544416,0.2783352608409741,0.35070847837771857,0.4168462509487285,0.5308489566973915,0.6230875735482332,0.6975117894282393,0.7578921387035509,0.8073651582945579,0.8483841479732457,0.8828147698120322,0.9120612953212632,0.9371808118613068,0.958974031066838
2015-05-29,-0.2418588805897196,-0.242763007828276,-0.245577949860578,-0.2268033169818473,-0.1621262925041096,-0.061715012142487875,0.05778265500202018,0.18264480257021654,0.30387523327634125,0.4165023798828675,0.5183588138397959,0.6090087894856606,0.7592378049313486,0.8751987753091177,0.9654711444113944,1.0369140850882164,1.0945205176796198,1.141817320453303,1.1812905653631225,1.2147122536011992,1.2433670069532785,1.2682038307635108
2015-06-30,-0.26592151620412124,-0.2606789241588885,-0.2588487247792244,-0.22829064109962416,-0.1311476778070455,0.017444233321626482,0.19099566040519456,0.3688024020386511,0.5382743941944366,0.6931645281406369,0.8313052886644229,0.9528411053191466,1.1517165144268104,1.3034651908365862,1.4208241855780963,1.5133797450941784,1.5878785117738214,1.6489926147334093,1.6999775004503268,1.7431383440111037,1.7801402675183366,1.812211012725259
2015-07-31,-0.2689309802039577,-0.28164165961349746,-0.29062925276816165,-0.2559746368224578,-0.1716417114503357,-0.056587230126063925,0.07532771234561375,0.21414015813531906,0.3528502306413772,0.4866933657995571,0.6125759432423687,0.7286394532157718,0.9281200064970494,1.0840798758914731,1.2006176333774126,1.2838263532146232,1.340114374686176,1.3753863358633016,1.3947089504129866,1.4022374999709228,1.4012721493705265,1.39436978940578
2015-08-31,-0.2539495121226177,-0.2629569552062053,-0.2651497493416275,-0.21885338963565906,-0.12475849757141776,-0.0012341446812946801,0.13822253705879906,0.2838620684598689,0.4287999387006236,0.568325741017353,0.6993643320086278,0.8200572366778678,1.0271879882025448,1.188626035579969,1.3085167374681212,1.3930982808207797,1.4489994782884184,1.4823884363422182,1.4986089850537063,1.5020851222670386,1.4963629901122015,1.4842149019670086
2015-09-30,-0.3581338003044705,-0.3150360418171045,-0.270505583297167,-0.2369035150266789,-0.1840728447165052,-0.08790136050230846,0.04023881165705578,0.1832625543320745,0.32762892272124233,0.4648612087049937,0.5906204823080223,0.7033485221551179,0.8909061901142126,1.035693010312576,1.148175932541783,1.2370162622375975,1.3085478074310513,1.3672266385255176,1.4161759406250083,1.4576109193710158,1.4931318786713068,1.5239183934954432
2015-10-30,-0.34720969726442363,-0.3371367735553541,-0.32980895325971016,-0.3134306329592951,-0.2556583793465537,-0.1546740811998566,-0.02550719907675525,0.11601711844650975,0.2580716787796247,0.3932707110832467,0.5177395067230686,0.6299876107215212,0.8184639647354062,0.9655084191593684,1.0805914560672485,1.1718970588189936,1.2455986057711024,1.3061360234993382,1.3566676039742978,1.3994544662243784,1.4361391326904882,1.4679360362519165
2015-11-30,-0.4092036663149308,-0.4026295545041654,-0.4032322852257648,-0.4029375934540687,-0.3570154522782536,-0.2612984123007278,-0.13088880321149698,0.0171308070231575,0.16933769850555525,0.3168666444768089,0.4546637772198618,0.5803911345864661,0.7942813108069399,0.9632486223603198,1.096516579076309,1.202729470707551,1.2886784526291386,1.3593679982964937,1.4184122125002114,1.468422664263488,1.5113069281067069,1.5484798457463107
2015-12-30,-0.45214302769948206,-0.4275653879212076,-0.3968106443885473,-0.3462793725268485,-0.2613974265445851,-0.13555281039600242,0.01739053067551399,0.1815303791023428,0.3446956225833375,0.4992316667307577,0.6411474606161667,0.7689698037970859,0.9834559131932692,1.1507835538754847,1.2817739541917033,1.3857262329104891,1.4696507976017128,1.5385924720853068,1.5961424976189482,1.644873531548829,1.6866552038520637,1.7228702365736768
2016-01-29,-0.4524679601883948,-0.4457528011750401,-0.4507965977424311,-0.4661021702851506,-0.43505822451253096,-0.3511547929764518,-0.230399963281104,-0.0910292950171412,0.05284242586510146,0.19209614712966072,0.3216854702828407,0.4393896373825665,0.6382994682666759,0.7942317082597614,0.9165494619287936,1.013698068901992,1.0921536895857882,1.1566095906640794,1.210416819089706,1.2559789884479715,1.2950437470716754,1.3289038328506424
2016-02-29,-0.5034886895157875,-0.5006817203572651,-0.5105512819623765,-0.5356489751050475,-0.5216819172189906,-0.4606294673276867,-0.3645369527043698,-0.24860104955630824,-0.12532522535021773,-0.003305836232024184,0.11229176725577084,0.218827627045008,0.4018600414413336,0.5476453980621421,0.6631505532797983,0.7554307679860868,0.8301995758382517,0.8917327699103703,0.9431447533938192,0.986696942725256,1.0240456464881849,1.0564211739669889
2016-03-31,-0.494269991546618,-0.4865481357738313,-0.4856547365964086,-0.4904551380587385,-0.4620955012636401,-0.3934161833634589,-0.29531073332238833,-0.181356381938004,-0.0625871060857408,0.053533983227940674,0.16263524203471302,0.2625919426852219,0.4333135359276681,0.5686078197713901,0.6754924977727863,0.7607485355283456,0.8297664740223736,0.886541467742783,0.933967349789652,0.97413852389482,1.0085860708943923,1.0384460631914247
2016-04-29,-0.543333917156419,-0.5301972407502975,-0.5180846165192681,-0.5024367071229285,-0.4578884365855052,-0.3762120380712499,-0.26675765339863666,-0.14207710575301302,-0.012745174432619244,0.11385993241618443,0.23326692136799565,0.3431946601834337,0.532317716626427,0.6834900126228294,0.8036820603714094,0.8999598864208049,0.9781030150251248,1.042480200751803,1.0962998161277104,1.1419057265835415,1.1810218121458025,1.2149320235286818
2016-05-31,-0.5618388124883853,-0.549973479686668,-0.5387029512531547,-0.5254433705933028,-0.4889804200544594,-0.4203759023803455,-0.32636894892053725,-0.2172662348196539,-0.10225543528434676,0.011926820124510408,0.12095302933007045,0.2224078988269107,0.3992420999234403,0.5425030626319898,0.6574534116708834,0.7500761114647343,0.8255215472134914,0.8878041884507548,0.9399316254302016,0.9841299797060316,1.0220503586915226,1.0549289652045728
2016-06-30,-0.6500177188712412,-0.6456483516589561,-0.6490739310631604,-0.6609447949233811,-0.6448194926932689,-0.5954546013684823,-0.5222905574365755,-0.4365891925606071,-0.3472653442736413,-0.2601995586098109,-0.17873596782133785,-0.10442561466423372,0.02174493890121365,0.1210894461041878,0.1992253404175468,0.26137760603232674,0.3116119005009592,0.35289963924004475,0.3873733531658328,0.4165673582023897,0.4415992366050553,0.463296489372003
2016-07-29,-0.6450312311535896,-0.6382456543028354,-0.6389155644443183,-0.6532821141232463,-0.6467717027131474,-0.6094690358986443,-0.5476436533304159,-0.4710250697957079,-0.38812592075846375,-0.3050391555295908,-0.2255752156890085,-0.1517966897263534,-0.024018432274409033,0.07852154756263507,0.16013831844117887,0.2255213390625401,0.2785779033264595,0.322278100164221,0.35880568508961885,0.3897554312325216,0.41629941255755387,0.4393099977443842
2016-08-31,-0.6543867110696486,-0.6459286582620257,-0.6434329861220243,-0.6527914235767716,-0.6427070739777205,-0.6022980855012587,-0.5371094959069835,-0.4565642846281599,-0.3691727479094893,-0.28118199034511404,-0.19660502934405288,-0.11769404249066362,0.0198540178410056,0.13100725338601782,0.21991582059635628,0.2913682458004945,0.3494624192918532,0.3973648222511921,0.4374289281687138,0.4713857406834254,0.5005132697559861,0.5257654069112438
2016-09-30,-0.7448111694736537,-0.7321121433887124,-0.7217798335498573,-0.7197846188872381,-0.7038410131351776,-0.6609232438963462,-0.5945145903156255,-0.5127266082010644,-0.4234525920710985,-0.33278589015984306,-0.2448355309487278,-0.16205153699284125,-0.016084473401637656,0.10335690331937286,0.1997519809694244,0.27768176840874625,0.341276741317869,0.3938289787292426,0.4378356024472665,0.475158339197073,0.5071839470183541,0.5349533072892028
2016-10-31,-0.8206192713551651,-0.7898262310652187,-0.7409733638117799,-0.6629803169261805,-0.5818423941248523,-0.4873239323966834,-0.3815694258728959,-0.2702063071989329,-0.1586951772695442,-0.051136274957052315,0.04986469036421104,0.14294186819658306,0.3040418980416031,0.4341213877173198,0.5384761640764609,0.622624376234292,0.6912236660394984,0.7478908625011147,0.7953386263424149,0.8355794919362047,0.8701095577272249,0.9000509869040849
2016-11-30,-0.7992236965810824,-0.7942175676183676,-0.7955536963269623,-0.7791404456553979,-0.7007874767959894,-0.5714033008852883,-0.4159249558970406,-0.2547870848563245,-0.10069662204589758,0.039959717389406624,0.16493654193547647,0.2743464000414653,0.452002009434239,0.586311821645747,0.6895001497820628,0.7705471915067432,0.8356331837260815,0.888962258564765,0.9334266784734392,0.9710575474111456,1.0033147224132954,1.0312715820115326
2016-12-30,-0.9275959883833922,-0.8714505831940722,-0.8224443221193631,-0.8000982626405939,-0.7434197106084781,-0.6272228609861124,-0.4733717110100866,-0.3065283077841334,-0.14349688976771668,0.00677550246078118,0.14077211158341552,0.2581256056567871,0.4483304086303335,0.5916596822145859,0.7015048558588001,0.7876554643838118,0.8567892997223268,0.9134159975960944,0.9606231051490008,1.0005728196058483,1.034816931061231,1.06449558785398
2017-01-31,-0.6997076448008589,-0.6958687366068466,-0.7025499730724007,-0.6920974197856666,-0.6055777740520254,-0.4578802251055265,-0.2800165216728998,-0.09655053627475853,0.07775262548808738,0.2358114794142763,0.3754058106070359,0.4969792614902402,0.693231692796271,0.8408072307551664,0.9538520961239464,1.0425089940923968,1.1136572339219146,1.1719360680205912,1.2205214738654333,1.2616379811507383,1.296882384632,1.3274280217619592
2017-02-28,-0.8693536583105022,-0.8669833467105329,-0.8810343628411705,-0.8952173566631316,-0.8347138263381071,-0.7067517286867204,-0.5403682292615604,-0.3610775689870969,-0.1855834931665994,-0.02289655110717126,0.12322616436104328,0.2521480376521628,0.46308405175676,0.6235501787293369,0.7472273863187113,0.8445174535735602,0.9227034048330708,0.986786195841205,1.0402238574243996,1.0854513461379591,1.1242211699390674,1.157822731727606
2017-03-31,-0.7525690229256943,-0.7449007957091236,-0.7435412409828599,-0.7283535794793483,-0.6531680262681876,-0.5239783136821439,-0.3642957959215414,-0.19508597621721255,-0.030295325043279142,0.12243117084974342,0.2598521887808789,0.3814023713402657,0.5810196766032183,0.7334969840264236,0.8513254554031329,0.9441510145945632,1.018804965399856,1.0800145122702849,1.1310642828995257,1.1742736680860657,1.2113145633018163,1.2434180286687977
2017-04-28,-0.7842844859767971,-0.7758429035510879,-0.7671431359034506,-0.7320803590402449,-0.6432907538694375,-0.5086195527537525,-0.34887994467803995,-0.1822913697618258,-0.020993906026716136,0.12832015896164428,0.2628061136107189,0.3819920626792857,0.5783608476532223,0.728930083908101,0.8455880601496837,0.9376332984850116,1.0117206209620508,1.0724902947326604,1.1231828036062808,1.1660934055869934,1.202879494166451,1.2347625929747323
2017-05-31,-0.7332828131052826,-0.7326265848888611,-0.7404288323810064,-0.7359024097670401,-0.6690833935714604,-0.5469670227893246,-0.39211582240645537,-0.22504846879303386,-0.059931150335947876,0.09502312134089053,0.2359359333179043,0.3616871225584433,0.5702892372371906,0.7311390899062378,0.8561260326973694,0.9548852316683818,1.0344304678310423,1.0996967390647805,1.1541472743669303,1.2002414802552046,1.2397576381260142,1.2740072207557074
2017-06-30,-0.6885604300505594,-0.6757503174850958,-0.6526258548809114,-0.5860358511646915,-0.4764173907924159,-0.3327427650310586,-0.17183343666471895,-0.008059249802433222,0.1489900324201594,0.29400437261615675,0.4247471484844718,0.5409199919834577,0.7332300075276451,0.881550504506484,0.9969465163674064,1.0882296336724933,1.1618079022871983,1.2222039645849263,1.2726025081687888,1.3152711578551055,1.351852436948687,1.3835589922819214
2017-07-31,-0.7103617207339257,-0.7104144235904282,-0.7099226896946966,-0.6677879301542609,-0.5568285456945627,-0.3966116819604961,-0.21348942391633766,-0.027649030398063882,0.14859401790470805,0.3091214550154815,0.45186838900423704,0.5771010542149364,0.7812062885429385,0.9361922264076968,1.0556150530137476,1.14956907525221,1.2250839447406237,1.2869825586220784,1.3386010421194694,1.3822896920904255,1.4197407008190308,1.4521993601948324
2017-08-31,-0.7780349812318568,-0.7717346666541736,-0.7660480448795726,-0.7341663992199683,-0.6467081162386847,-0.5123583076294373,-0.35224641118706224,-0.1848002589735902,-0.02233965711911701,0.1282930786894907,0.264140342004362,0.38465425521789065,0.583421283877056,0.7359669291325432,0.854210732926628,0.947527067596266,1.0226441250690996,1.0842604439329926,1.1356597397996406,1.179168742589901,1.216467834237131,1.2487955537175928
2017-09-29,-0.7627621586467535,-0.7588357515389181,-0.7508360571532959,-0.6999581196698683,-0.5888581658678156,-0.4334778656619101,-0.2567721375622707,-0.07693865970227698,0.0945374746790586,0.2516829656756343,0.3922582193190305,0.5162529460039549,0.7196500330298585,0.8750786142198108,0.995301286845336,1.090083679597671,1.1663458921465222,1.2288890127457952,1.2810570183884846,1.3252151963132386,1.3630702841687088,1.3958797168027086
2017-10-31,-0.7856827367159898,-0.7880183374243335,-0.7877212881263453,-0.744982685394139,-0.6411055548985978,-0.4935088092075493,-0.32396873468458764,-0.14968549304728107,0.01819710422200416,0.17356861644676158,0.31382675917877645,0.4385500943816023,0.6451515299374098,0.8045787177646178,0.9286528355783474,1.0268174509988164,1.1059500237700617,1.1709085573036209,1.2251157144348697,1.2710093960123767,1.3103558303358092,1.3444591521239306
2017-11-30,-0.7817697838778608,-0.7777514681682769,-0.7648059858227896,-0.7021452827025936,-0.5884682782405477,-0.4399610796992191,-0.2756177344299511,-0.11005950646435457,0.047474184301883326,0.19211332144178608,0.3219838909209134,0.4370419396738372,0.6269740051132544,0.7731426387245457,0.8867470551106678,0.9765710039858652,1.0489586017639858,1.1083724343109758,1.1579497440262805,1.1999226085630683,1.2359072095669656,1.2670965507678025
2017-12-29,-0.7800568231915552,-0.7695919968734759,-0.7378740893996358,-0.6352172241188692,-0.4941640412364974,-0.33281133303711297,-0.1658911020015097,-0.003459800880422748,0.14853143406727565,0.2871692565898263,0.4115616864377731,0.5220430870463577,0.7055748309892733,0.8481214186716572,0.9597444765631221,1.0484575088454569,1.1201766868746237,1.179147822372184,1.2284029191187391,1.270123280317549,1.305899883821786,1.3369124128917522
2018-01-31,-0.6254299610967098,-0.6438444213388981,-0.6394470665981382,-0.5247320548608307,-0.34286859427782806,-0.14428825940617251,0.046598071849976115,0.2194034699771956,0.3710203219856991,0.5018942507288129,0.6140155915062221,0.7098755198716349,0.8624980288115252,0.9764010326251212,1.063481524609,1.1317494278155893,1.1865307756990044,1.231399910236811,1.2688028722619475,1.3004536043499717,1.3275825992867676,1.3510939252242256
2018-02-28,-0.6551093879178844,-0.6783242816059036,-0.681066429355095,-0.572716156433839,-0.3899482648749872,-0.18629701836326085,0.01167945208591803,0.1922279522117174,0.3514422008749998,0.4893505742174353,0.6077661817931297,0.7091440932355493,0.8706689480426366,0.9911773320318772,1.0832110619043092,1.1552787659716937,1.2130531530536164,1.2603403383522518,1.2997405145475658,1.3330716069325181,1.361635994533887,1.3863888924708427
2018-03-29,-0.6735784345586513,-0.693471513919109,-0.6975435398594927,-0.609956169598294,-0.4560368351816448,-0.2797876765865457,-0.10429097473720184,0.0593177464846999,0.2065475211738681,0.3364578583121389,0.4498833841025771,0.5484389371638745,0.7083329876650293,0.8299050935530943,0.9239525541309156,0.9982029333382076,1.058021690212021,1.1071212193299391,1.148095561226742,1.1827873257076709,1.2125307005469028,1.2383109416775444
2018-04-30,-0.6277430445754129,-0.6513522432496737,-0.6594203617824732,-0.5709839086652089,-0.4105733598623917,-0.2263327239696764,-0.04329040942708495,0.12664840918140907,0.2788199842876038,0.4123870748006855,0.5283925972956478,0.6286787111497132,0.7902800050257319,0.912194913531824,1.0059540488637722,1.0796716650958866,1.1388995287420831,1.1874310615136068,1.2278898838763703,1.262124830015641,1.2914667459882352,1.3168943641909587
2018-05-31,-0.6268154411715612,-0.6723760409815023,-0.7194167823378024,-0.6913572167228086,-0.5722896342778707,-0.4152945336626255,-0.24949054355376976,-0.08992586794557411,0.0564369259620463,0.18713954639107297,0.30211537651407383,0.4024670996911501,0.5657415457211279,0.6899114548268113,0.7857861237630352,0.8612941522129249,0.9219908274861934,0.9717246723284272,1.0131775055927053,1.0482459468720702,1.078296941501057,1.1043357844676258
2018-06-29,-0.6231112411498039,-0.664724258261121,-0.7079503130608558,-0.6820192348482309,-0.5703401417112826,-0.4212623794680006,-0.26205335508579264,-0.10729343258444324,0.035923885702405116,0.16480314031448715,0.27891662507265824,0.379055687017642,0.5429569581836748,0.6682612699485286,0.7652652243774051,0.8417320241223627,0.9031977631735746,0.9535402375972236,0.995478609313084,1.030941402442831,1.0613194487926934,1.0876349870293631
2018-07-31,-0.618256641234777,-0.6401373378634028,-0.6531041446810009,-0.5930745643892292,-0.4686438484565825,-0.31777675131787664,-0.16189423523733293,-0.012400602381783976,0.12524439601099058,0.24901029715793574,0.3587620698217959,0.4553404508943633,0.6142201599063055,0.7365553022785623,0.8318549152671881,0.9073460516837076,0.9682414318016388,1.0182356927553309,1.0599478957080688,1.0952528927934049,1.1255129118128373,1.1517348460098318
2018-08-31,-0.6265285868151949,-0.6511724958684895,-0.6710352910589266,-0.6269550761316642,-0.5176410559318789,-0.3791085434129453,-0.2323721858062253,-0.08912488399938567,0.044635277576203336,0.16630861855335688,0.27525565557210285,0.3719089874180712,0.532416614110562,0.6571586519432691,0.7549087400216079,0.8326100734250792,0.895404140652519,0.9470013398622968,0.9900642097304132,1.0265138639809055,1.0577528200508328,1.084820436705805
2018-09-28,-0.6240644956925934,-0.635170224075372,-0.6301010072533604,-0.5451433434200164,-0.4064571758036069,-0.24847814825202266,-0.09025377979277673,0.058428957551759815,0.19322350593875104,0.31287020694314993,0.4177684010893001,0.5091276886227742,0.6573968734261184,0.7697370475882579,0.8560991237362048,0.9238024985525848,0.9779927035497616,1.0222358738486026,1.0590097730011667,1.0900570843469604,1.116625168979708,1.139624826970438
2018-10-31,-0.7512848844168856,-0.7517152588525922,-0.730936708454875,-0.6299003250758028,-0.4862822121623962,-0.3279582970239545,-0.17063867081721007,-0.02257160156447835,0.11247120464124373,0.23332013648967556,0.34024662907186176,0.4342568662405739,0.5888915876623724,0.7079960431631179,0.8007868357403112,0.8742649593624958,0.9334979274485532,0.9820903772506044,1.0226036453080145,1.056872977734579,1.0862314750230802,1.1116634631629745
2018-11-30,-0.6728319800632857,-0.6886240764849219,-0.6951025572742306,-0.6361893579852991,-0.5210827776268001,-0.38093812219800505,-0.23425906019201825,-0.09152722434487083,0.041777892708958035,0.1632257164645221,0.2721845728009669,0.36903243449006506,0.5302111428173015,0.6556688644402859,0.7539781067675282,0.8320367728703689,0.8950136953346326,0.9466674627590076,0.989705773857528,1.0260841621526264,1.0572285290651338,1.0841928532644869
2018-12-28,-0.8028933906381249,-0.7853228660413114,-0.748985872122585,-0.6582477614142714,-0.5401504993389139,-0.4043410572960142,-0.26284740940933604,-0.12490711371149832,0.0038157719448741467,0.12056646886439593,0.22456728268986348,0.31622301842370204,0.4668272451661859,0.582346418435854,0.6719999189470998,0.7428438387652849,0.799922229149272,0.8467665855064066,0.8858542592994525,0.9189461499820756,0.9473167610212871,0.9719067347704672
2019-01-31,-0.5845607917383088,-0.5932708831552682,-0.6019806460763771,-0.5821824089825123,-0.5193279003993734,-0.4273948104056133,-0.3200571089884079,-0.20782007460734772,-0.09772191821411937,0.006059351152027047,0.10141525781110827,0.1876074798881904,0.33336111657416323,0.4483185908242309,0.5391215749487241,0.6116334604528897,0.6704048590475895,0.7187935388982559,0.759236516826234,0.7935038528600002,0.8228937593230308,0.8483718818935984
2019-02-28,-0.5685429287438258,-0.5695329689826445,-0.5672766056825753,-0.5375636107662469,-0.4732433537833236,-0.3830245962872141,-0.2780020259657787,-0.1675821568306577,-0.05846710432523272,0.04514496840581028,0.14098705774026232,0.2281325209626939,0.3765486944607224,0.4944519925417086,0.5880272742849753,0.6629764515493677,0.7238309618916563,0.7739849068051714,0.8159259996006196,0.8514727351424859,0.8819642946044297,0.9083992986655722
2019-03-29,-0.5704286960928656,-0.5869411940227078,-0.6102971892409097,-0.6201085047184351,-0.5886853706904698,-0.5278781767827829,-0.4487891496433969,-0.3603183627122752,-0.268953411520537,-0.17907131595741446,-0.09339320795154116,-0.013429434995848144,0.1272111597236778,0.2428503238440167,0.3369372758175291,0.4135920775134525,0.4765274533391018,0.5287563790220733,0.5726130863829344,0.6098714479641185,0.6418732816743957,0.6696373662578183
2019-04-30,-0.5625539817717644,-0.5769409945824797,-0.5953947625088398,-0.5937872516143656,-0.5503106601861107,-0.4780498486335332,-0.3887721619975042,-0.2916374735118801,-0.1931393785823352,-0.0975219785542638,-0.00731213269411457,0.07618785445547838,0.22167192223613294,0.3401799639205545,0.4359876637920457,0.5137125542473342,0.5773508931141593,0.6300723406409159,0.6742966101517192,0.7118443850066354,0.7440836495669814,0.7720483638120212
2019-05-31,-0.5711226998729073,-0.5979108528610064,-0.6417000186955886,-0.6869487790477953,-0.6805239999538966,-0.6350799298178802,-0.5642499092592637,-0.4794506851043074,-0.38911991259861,-0.29896070124740426,-0.21251067475521607,-0.13173395669117216,0.009922502947919298,0.1255885052846124,0.2190092067818428,0.29465633388966395,0.3564835281044503,0.4076345600587019,0.4505013193555574,0.4868748626348594,0.5180947471920809,0.5451696780099937
2019-06-28,-0.6038955925802687,-0.6375706397266095,-0.690687001326137,-0.7454175604950399,-0.7451009861045188,-0.7065539447679452,-0.6441688405596926,-0.5689283689239389,-0.4885880784256402,-0.40827072264027603,-0.3311232259862944,-0.2588942841047439,-0.13181586167967474,-0.02759997756988275,0.056892118547701376,0.12551078625636114,0.18171108808212424,0.2282715653589076,0.2673252785917595,0.3004806244459397,0.3289467992111299,0.35363771601660954
2019-07-31,-0.6692963929218333,-0.6980442656917081,-0.7438435291582364,-0.793812569790453,-0.7991087590975057,-0.7723040401953454,-0.7241453537949862,-0.6630977159137879,-0.5954508020265763,-0.5256513952527762,-0.4566896989648917,-0.39045940316546135,-0.2700389319208005,-0.16758004561456108,-0.08212654994175805,-0.011267312228717241,0.04762295219870949,0.09689436195980394,0.13848568698313013,0.17393583323639694,0.20444540368336672,0.2309461133095998
2019-08-30,-0.8417756775177646,-0.8545929530835474,-0.8824669953358101,-0.929722253152978,-0.9511492285853952,-0.9448617290463929,-0.9163346991966352,-0.872673342696753,-0.820261381787085,-0.764027748388004,-0.7074262032912189,-0.6526805405710738,-0.5532932899704202,-0.4696812315169507,-0.4009551118884147,-0.3447300201873251,-0.2985045776429007,-0.26013440323156223,-0.22792037133792545,-0.2005596408363749,-0.17706383704666684,-0.15668231256921694
2019-09-30,-0.6967298281466939,-0.7204141501419978,-0.7592571011500651,-0.8056211899408283,-0.8171663108243377,-0.8027691879785239,-0.7704814736884141,-0.726889370343347,-0.6770308481636707,-0.6245616954017663,-0.5720073692015331,-0.5210200593301089,-0.4273090050374924,-0.3467702559992736,-0.2791538207162305,-0.22283953240200535,-0.17590270678329126,-0.1365593719883258,-0.1033096186653184,-0.07494881087003957,-0.05052985864358428,-0.029313973579362163
2019-10-31,-0.6749750087165151,-0.6793912996640209,-0.6871813243061069,-0.6935057375135303,-0.6837055349121304,-0.6583809980004696,-0.6207249204199434,-0.5745427946172259,-0.5233358422753493,-0.4699529928954704,-0.41652994288368905,-0.3645588719895603,-0.2684311385281881,-0.18508145207365967,-0.1145772199322206,-0.055518750199118116,-0.00608970570625189,0.0354616915878907,0.07064457995911733,0.1006911573976088,0.1265814515887549,0.1490862155413426
2019-11-29,-0.6110902267928359,-0.6201702061999889,-0.6346783494001038,-0.6469481468626892,-0.6371539282012693,-0.6090180516844592,-0.5675285291290013,-0.5174618124867978,-0.462792876756347,-0.4065558225688468,-0.3509130313128752,-0.2973038143639779,-0.19929219081329608,-0.11532421328010799,-0.04490942960891653,0.013713098954114988,0.06256893254992324,0.10352060374993656,0.13813024156201606,0.16765154714121697,0.19307005035652705,0.21515456165714755
2019-12-30,-0.6835201172344672,-0.6769211548976635,-0.6607103648736579,-0.6183938631328096,-0.5663993141664827,-0.5081634721171908,-0.4463766927344629,-0.3831206865983608,-0.3199828505706788,-0.25815096826483463,-0.19849147656840585,-0.1416139923580766,-0.037668182884092793,0.052156325378032616,0.12790655189769362,0.19051533145235444,0.2413559999821269,0.2819636240905852,0.3138675744894148,0.3384973717774664,0.3571357621935052,0.3709013867570365
